{"cameraMode":{"drawMode":0,"name":"Shaded","section":"Shading Mode"},"sceneLighting":false,"audioPlay":false,"sceneViewState":{"m_AlwaysRefresh":false,"showFog":true,"showSkybox":false,"showFlares":true,"showImageEffects":true,"showParticleSystems":true,"showVisualEffectGraphs":true,"m_FxEnabled":true},"in2DMode":false,"pivot":{"x":-0.16581493616104127,"y":-0.009882573038339615,"z":0.003513369709253311},"rotation":{"x":0.016730308532714845,"y":-0.6792842745780945,"z":0.015502192080020905,"w":0.7335523962974548},"size":0.30104994773864748,"orthographic":false}