{"cameraMode":{"drawMode":0,"name":"Shaded","section":"Shading Mode"},"sceneLighting":false,"audioPlay":false,"sceneViewState":{"m_AlwaysRefresh":false,"showFog":true,"showSkybox":false,"showFlares":true,"showImageEffects":true,"showParticleSystems":true,"showVisualEffectGraphs":true,"m_FxEnabled":true},"in2DMode":false,"pivot":{"x":0.00017184019088745117,"y":0.8934900164604187,"z":0.014362424612045288},"rotation":{"x":0.07373605668544769,"y":0.014952625147998333,"z":-0.001098211738280952,"w":0.9971836805343628},"size":1.2549363374710084,"orthographic":false}