{"cameraMode":{"drawMode":0,"name":"Shaded","section":"Shading Mode"},"sceneLighting":false,"audioPlay":false,"sceneViewState":{"m_AlwaysRefresh":false,"showFog":true,"showSkybox":false,"showFlares":true,"showImageEffects":true,"showParticleSystems":true,"showVisualEffectGraphs":true,"m_FxEnabled":true},"in2DMode":false,"pivot":{"x":0.2774379551410675,"y":-0.0644654780626297,"z":-0.020233184099197389},"rotation":{"x":0.15240946412086488,"y":-0.5072159171104431,"z":0.091684989631176,"w":0.8432861566543579},"size":0.1978747844696045,"orthographic":false}