{"cameraMode":{"drawMode":0,"name":"Shaded","section":"Shading Mode"},"sceneLighting":true,"audioPlay":false,"sceneViewState":{"m_AlwaysRefresh":false,"showFog":true,"showSkybox":true,"showFlares":true,"showImageEffects":true,"showParticleSystems":true,"showVisualEffectGraphs":true,"m_FxEnabled":true},"in2DMode":false,"pivot":{"x":2.864000082015991,"y":0.0299999862909317,"z":-3.486999988555908},"rotation":{"x":0.04079710319638252,"y":-0.010498128831386567,"z":0.00043390877544879913,"w":0.9991346001625061},"size":0.8660283088684082,"orthographic":false}