{"cameraMode":{"drawMode":0,"name":"Shaded","section":"Shading Mode"},"sceneLighting":true,"audioPlay":false,"sceneViewState":{"m_AlwaysRefresh":false,"showFog":true,"showSkybox":true,"showFlares":true,"showImageEffects":true,"showParticleSystems":true,"showVisualEffectGraphs":true,"m_FxEnabled":true},"in2DMode":false,"pivot":{"x":0.0003714561462402344,"y":1.810171127319336,"z":-8.000214576721192},"rotation":{"x":0.07119488716125488,"y":0.7823362946510315,"z":-0.09102033823728562,"w":0.6121206879615784},"size":12.12435531616211,"orthographic":false}