{"cameraMode":{"drawMode":0,"name":"Shaded","section":"Shading Mode"},"sceneLighting":false,"audioPlay":false,"sceneViewState":{"m_AlwaysRefresh":false,"showFog":true,"showSkybox":false,"showFlares":true,"showImageEffects":true,"showParticleSystems":true,"showVisualEffectGraphs":true,"m_FxEnabled":true},"in2DMode":false,"pivot":{"x":5.130000114440918,"y":0.0299999862909317,"z":-3.486999988555908},"rotation":{"x":-0.005686125252395868,"y":-0.0389973483979702,"z":-0.00021666269458364695,"w":0.9992461800575256},"size":0.8660283088684082,"orthographic":false}