{"cameraMode":{"drawMode":0,"name":"Shaded","section":"Shading Mode"},"sceneLighting":false,"audioPlay":false,"sceneViewState":{"m_AlwaysRefresh":false,"showFog":true,"showSkybox":false,"showFlares":true,"showImageEffects":true,"showParticleSystems":true,"showVisualEffectGraphs":true,"m_FxEnabled":true},"in2DMode":false,"pivot":{"x":0.4189963936805725,"y":0.06536141037940979,"z":-0.049329984933137897},"rotation":{"x":0.018149876967072488,"y":-0.7104849219322205,"z":0.018346894532442094,"w":0.7032642960548401},"size":0.12403486669063568,"orthographic":false}